epoch;loss;lr;precision;recall;val_loss;val_precision;val_recall
0;0.5484381914138794;0.002;0.5234792828559875;0.9279661178588867;1.3825114965438843;0.14953511953353882;0.9957408905029297
1;0.4672369062900543;0.002;0.5835587978363037;0.9122750163078308;0.5099992752075195;0.5473728775978088;0.6982859969139099
